{"cameraMode":{"drawMode":0,"name":"Shaded","section":"Shading Mode"},"sceneLighting":true,"audioPlay":false,"sceneViewState":{"m_AlwaysRefresh":false,"showFog":true,"showSkybox":true,"showFlares":true,"showImageEffects":true,"showParticleSystems":true,"showVisualEffectGraphs":true,"m_FxEnabled":true},"in2DMode":false,"pivot":{"x":-0.31413695216178896,"y":0.672121524810791,"z":1.0312752723693848},"rotation":{"x":-0.22194360196590424,"y":-0.005267057102173567,"z":0.0012001794530078769,"w":-0.9750484228134155},"size":3.0809078216552736,"orthographic":false}