{"cameraMode":{"drawMode":0,"name":"Shaded","section":"Shading Mode"},"sceneLighting":true,"audioPlay":false,"sceneViewState":{"m_AlwaysRefresh":false,"showFog":true,"showSkybox":true,"showFlares":true,"showImageEffects":true,"showParticleSystems":true,"showVisualEffectGraphs":true,"m_FxEnabled":true},"in2DMode":false,"pivot":{"x":0.1858385056257248,"y":7.830575466156006,"z":-8.244889259338379},"rotation":{"x":-0.5864821672439575,"y":0.001940833986736834,"z":-0.0014060686808079482,"w":-0.8099607229232788},"size":1.1256989240646363,"orthographic":false}