{"cameraMode":{"drawMode":0,"name":"Shaded","section":"Shading Mode"},"sceneLighting":true,"audioPlay":false,"sceneViewState":{"m_AlwaysRefresh":false,"showFog":true,"showSkybox":true,"showFlares":true,"showImageEffects":true,"showParticleSystems":true,"showVisualEffectGraphs":true,"m_FxEnabled":true},"in2DMode":false,"pivot":{"x":0.023743629455566407,"y":0.6506912708282471,"z":0.8882066011428833},"rotation":{"x":0.2565697133541107,"y":-0.4219936728477478,"z":0.1258551925420761,"w":0.860407829284668},"size":3.3614072799682619,"orthographic":false}