{"cameraMode":{"drawMode":0,"name":"Shaded","section":"Shading Mode"},"sceneLighting":false,"audioPlay":false,"sceneViewState":{"m_AlwaysRefresh":false,"showFog":true,"showSkybox":false,"showFlares":true,"showImageEffects":true,"showParticleSystems":true,"showVisualEffectGraphs":true,"m_FxEnabled":true},"in2DMode":false,"pivot":{"x":-1.5384081602096558,"y":0.6534572839736939,"z":-0.8066151142120361},"rotation":{"x":-0.01580338552594185,"y":0.9654783606529236,"z":-0.25292322039604189,"w":-0.0603235699236393},"size":0.8133295178413391,"orthographic":false}