{"cameraMode":{"drawMode":0,"name":"Shaded","section":"Shading Mode"},"sceneLighting":false,"audioPlay":false,"sceneViewState":{"m_AlwaysRefresh":false,"showFog":true,"showSkybox":false,"showFlares":true,"showImageEffects":true,"showParticleSystems":true,"showVisualEffectGraphs":true,"m_FxEnabled":true},"in2DMode":false,"pivot":{"x":-1.0449738502502442,"y":0.6704798936843872,"z":-1.0301934480667115},"rotation":{"x":-0.17472665011882783,"y":0.8063846826553345,"z":-0.29089418053627016,"w":-0.4843575358390808},"size":0.8100389242172241,"orthographic":false}